,participant_id,task_idx,task_status,participant_name,condition,results_responses,results_rt,results_targetvalue
0,228,5,PRE_TEST,Axelle,zpdes,"4,6,8,7,7,6,7,5,8,7,6,6,7,8,6,7,6,5,7,6,6,7,5,6,8,5,6,6,6,8,7,8,6,5,7,8,5,6,7,6,8,7,8,6,5,8,5,7,7,6,6,6,5,7,8,8,7,5,6,8,8,6,6,5,7,5,7,7,6,7,6,5,5,6,7,7,8,6,6,5,5,8,8,6,5,8,6,5,8,6,5,6,6,8,8,7,8,5,5,6","3976,4260,5489,4826,4731,3839,4819,7060,5047,6487,4673,4686,4406,6003,3315,6611,3089,2993,4862,5105,3561,4577,1644,4432,6080,3944,3477,3553,8759,6355,5893,5669,2620,3468,4174,4928,4211,3961,4340,4934,5660,4677,5452,3168,3106,5672,3427,5092,6644,3483,4175,2905,3262,5253,3066,4003,4212,4171,1640,6098,5308,2187,3188,3074,7588,3922,3740,7898,3811,4205,3039,4887,2784,5339,3223,5238,4961,5491,5361,3305,3806,6055,6210,3139,3845,7027,3105,3511,7516,4479,2342,5343,2475,5773,5071,4121,4524,4314,2978,3258","5,6,9,8,7,6,8,5,9,7,6,7,8,9,5,8,6,5,9,7,6,8,5,7,9,5,6,8,7,9,8,9,6,5,7,9,5,6,8,7,8,7,9,6,5,8,5,7,9,6,7,6,5,9,8,9,7,5,6,8,8,7,6,5,9,5,7,9,6,8,7,5,6,9,8,7,9,8,6,5,7,9,8,6,5,9,6,5,8,7,5,6,7,8,9,8,9,6,5,7"
1,228,5,POST_TEST,Axelle,zpdes,"7,6,7,7,5,7,8,6,7,5,5,8,7,7,6,6,5,8,5,8,6,6,7,8,6,8,5,6,6,8,8,7,8,5,5,7,9,6,5,6,6,6,6,5,6,5,7,6,7,7,8,7,7,5,6,5,5,7,8,7,7,5,7,8,6,5,8,6,6,7,5,8,8,6,5,7,5,7,6,8,7,5,6,7,8,8,5,6,6,8,6,5,7,7,8,8,5,6,7,7","4105,2186,3651,1607,2207,3711,3160,2338,2099,2392,1546,4042,1712,2114,2073,2752,1659,2695,1975,3539,1957,4574,2001,4699,3216,3632,1543,1206,2490,1401,3054,4266,3646,3794,2206,2856,5007,1933,2410,2942,3127,2387,2438,1575,2805,1800,3828,2716,3584,1978,4561,3710,3231,1980,1734,1868,1265,3002,3288,2728,3802,1892,2578,2525,2914,2334,2673,2884,1163,4373,2057,3877,3439,1605,2918,3633,1847,2208,2006,3556,4102,2054,2114,2553,3050,3541,1542,1741,3131,2669,2676,1565,2146,3399,4374,3275,2017,1746,4139,3092","9,6,7,8,5,8,9,6,7,5,5,9,7,8,6,7,6,8,5,9,6,8,7,9,5,7,5,6,8,9,9,7,8,6,5,8,9,6,5,7,8,9,6,5,7,5,7,6,9,8,9,7,8,5,6,6,5,7,9,8,7,5,8,9,6,5,9,7,6,8,5,8,9,6,7,8,5,7,6,9,7,5,6,8,9,8,5,7,6,9,6,5,7,8,9,8,5,6,9,7"
2,231,5,PRE_TEST,Johanie,baseline,"7,7,6,10,5,9,9,5,7,7,8,9,5,7,10,8,5,9,11,6,5,9,9,7,7,8,10,6,6,5,6,5,6,8,9,10,5,6,8,8,8,9,5,8,7,10,8,7,5,7,6,9,5,8,8,7,9,5,7,7,7,6,5,9,9,5,6,7,7,8,7,6,5,7,9,8,5,8,6,9,6,8,8,8,5,7,8,5,9,8,8,7,5,6,9,6,8,5,9,7","5390,3482,7245,7011,3515,5374,2925,2982,3698,5283,4271,3915,2731,3282,5219,4671,2722,4162,5423,2940,3593,5406,3809,3665,3429,3704,4545,4081,1938,2173,2335,2524,2626,3249,2350,4407,2073,3305,3483,2643,2958,4406,2699,3169,2126,4949,4525,3788,2394,2965,3480,3734,3770,4433,3248,3300,5416,2949,3003,3171,4035,2253,2679,3741,3716,2347,2872,2750,3058,3987,4824,1972,2094,2933,5914,3099,2490,7765,2883,4409,2247,3453,3832,4759,2433,4072,4499,2309,6451,10585,3340,2270,3336,2918,4708,2226,3997,2210,4477,3344","8,7,6,9,5,8,9,5,7,6,8,6,5,7,9,7,5,8,9,6,5,9,8,7,6,9,8,7,6,5,6,5,7,8,9,9,5,6,8,7,8,9,5,7,6,9,7,6,5,8,6,9,5,7,8,6,9,5,8,7,7,6,5,8,9,5,6,7,8,9,8,6,5,7,9,8,5,7,6,9,6,8,7,9,5,6,9,5,8,7,8,7,5,6,9,6,8,5,9,7"
3,231,5,POST_TEST,Johanie,baseline,"8,6,7,5,8,5,8,6,8,7,5,7,6,8,8,6,6,9,9,7,8,9,8,6,5,7,7,9,6,5,8,8,8,6,7,10,6,7,5,6,7,7,8,5,5,5,8,9,6,7,7,7,5,10,6,7,5,7,6,7,6,7,6,9,9,6,5,8,8,8,5,6,7,7,7,9,7,8,5,6,8,5,8,6,7,8,7,8,5,7,7,5,7,8,6,8,5,6,7,8","2633,1975,2343,1290,2438,1502,2330,2619,2002,1730,1600,2365,3443,2567,3002,1439,2205,3474,3094,1568,4513,3219,2497,1946,990,2492,1978,3719,2609,1431,2582,2972,2229,1839,1667,4241,1911,2235,2030,1479,2011,1867,4128,3565,3940,2270,2129,2949,1676,1661,2924,1497,1644,3524,1212,3316,1683,1451,1827,1693,2127,1694,2685,2436,2309,1796,1359,2074,1504,2638,1576,1663,1604,2093,2421,2772,1463,1644,1393,1806,2140,2394,2733,1668,2172,3459,2721,6120,1480,1801,3088,1638,1935,3133,2075,3328,1455,1600,2185,2636","9,6,7,5,8,5,9,6,8,7,5,7,6,9,8,6,5,9,8,7,7,8,9,6,5,8,7,9,6,5,8,9,7,6,5,9,8,7,5,6,8,7,9,5,6,5,8,9,6,7,8,7,5,9,6,7,5,8,6,9,5,7,6,8,9,6,5,8,9,7,5,6,7,8,9,9,7,8,5,6,8,5,9,6,7,9,6,8,5,7,8,5,7,9,6,9,5,7,6,8"
4,232,5,PRE_TEST,mabortoluzzi,zpdes,"7,6,4,6,8,8,5,8,5,5,6,8,7,5,6,7,6,7,5,7,8,6,5,7,6,5,6,7,8,7,5,7,7,7,6,6,7,6,8,5,7,8,5,6,7,5,8,8,7,7,8,9,6,5,6,7,8,5,7,6,5,7,6,7,8,8,6,7,8,5,6,7,6,6,5,5,6,6,6,6,6,7,9,4,7,8,7,6,7,4,5,7,5,7,7,7,5,6,9,7","1733,1690,1119,1602,2280,2064,1415,1443,1015,1167,1310,1674,1214,1032,1108,1569,1295,1206,969,1660,1584,1197,1379,1660,1035,906,1249,1314,1280,1356,798,1298,2203,1556,1543,3151,1933,1314,1560,1539,2166,1750,897,1165,1612,1186,1894,1764,1778,1291,1179,1544,1683,945,1056,2579,1325,975,2959,1477,911,1915,1824,1180,1875,1836,2364,1575,1928,892,1129,1883,2159,1311,678,1432,878,1061,2336,1932,1814,1908,2164,991,1239,1407,1405,928,1230,1029,1977,1508,1061,1178,2041,2023,1488,1760,1632,1286","8,6,5,7,9,8,7,9,5,6,8,9,7,5,6,7,6,8,5,9,8,6,5,9,7,5,6,9,8,7,5,7,9,8,6,7,9,6,8,5,8,9,5,6,7,5,9,8,6,7,9,8,6,5,7,9,7,5,8,6,5,7,6,9,8,8,6,7,9,5,6,9,8,7,5,5,9,8,6,7,6,8,9,5,7,9,7,6,8,5,6,9,5,8,7,8,5,6,9,7"
5,232,5,POST_TEST,mabortoluzzi,zpdes,"5,5,8,6,7,7,6,5,7,6,7,8,6,5,5,8,7,8,6,5,8,5,6,8,7,7,7,6,5,7,7,7,6,5,9,7,6,8,5,6,9,7,7,5,4,7,7,7,5,6,8,6,7,5,7,6,5,8,6,7,5,5,8,6,7,6,5,8,8,7,8,6,7,8,6,7,7,8,5,6,7,7,7,6,5,6,8,7,8,5,7,6,9,5,6,8,6,6,5,6","2190,1410,7079,1497,2902,9006,1948,990,2722,6836,2411,1507,2284,1365,5932,2331,2275,7294,1282,1574,2373,3901,1281,1826,1298,1390,1473,789,5539,1526,1290,951,17734,6042,2672,2658,6821,1577,1487,5102,4929,9129,1604,8867,10139,6665,1763,7821,2001,1706,7111,2224,6437,2601,2492,7856,1482,7717,1724,1279,1750,2409,8282,1588,1796,2354,6130,2541,1612,6087,1295,1297,2244,7513,1210,5214,943,3558,18940,1486,6165,1712,1320,2611,1679,1379,1777,992,1960,1833,7956,6598,3743,1187,6071,1645,10825,6624,1165,1659","6,5,9,8,7,8,6,5,9,7,8,9,6,5,7,8,7,9,6,5,9,5,6,8,7,9,8,6,5,7,8,7,6,5,9,8,6,9,5,7,9,8,6,7,5,9,7,8,5,6,9,6,7,5,8,6,5,9,8,7,5,7,9,6,8,6,5,9,8,7,9,5,7,8,6,9,7,8,5,6,9,7,8,6,5,6,9,7,8,5,8,7,9,5,6,9,6,7,5,8"
6,233,5,PRE_TEST,aliz.tey,zpdes,"7,8,7,5,6,6,7,6,8,8,7,6,9,7,7,8,7,9,6,6,9,5,8,6,7,6,7,8,5,7,6,8,7,5,9,7,8,9,7,5,6,8,5,7,7,9,9,8,5,6,7,6,7,9,6,8,6,8,6,7,6,7,7,5,8,6,8,5,8,7,6,5,7,7,8,5,8,7,7,9,6,8,8,7,5,7,5,7,8,6,6,7,7,7,5,7,5,6,8,8","3554,3015,3738,1919,1572,2238,1882,5731,3338,2030,2743,2388,4404,1931,3039,2562,4128,2563,1089,2582,4016,1927,3012,2570,2017,1927,2054,1678,1643,2687,4404,2976,2463,1387,4854,3303,3770,3205,3909,1731,2118,3502,5627,3345,5772,3981,3417,3699,1743,836,3388,1276,2115,5336,2430,4546,3738,2839,1739,3184,2174,2253,3196,9387,3835,2056,3500,3606,4954,2406,1300,1289,2323,3999,3202,1701,3721,3274,3155,4313,3198,2207,4750,4078,2910,2061,1758,2074,2472,1905,1205,1736,1606,4027,1787,1812,1239,1187,1407,1711","9,8,7,5,6,6,7,5,9,8,6,5,9,7,8,8,7,9,6,5,9,5,8,6,7,6,7,9,5,8,6,8,7,5,9,6,8,9,7,5,6,9,5,8,7,9,7,8,5,6,7,6,8,9,5,9,5,8,6,7,6,8,9,5,7,6,8,5,9,7,6,5,8,7,9,5,8,7,6,9,7,8,9,6,5,7,5,8,9,6,6,8,7,9,5,7,5,6,9,8"
7,233,5,POST_TEST,aliz.tey,zpdes,"7,7,7,5,6,5,9,6,7,8,7,9,6,8,5,6,5,6,8,9,8,6,6,7,8,8,5,7,7,9,7,5,6,7,8,7,9,5,7,8,8,9,6,5,7,8,5,5,7,8,9,8,7,8,5,7,9,8,6,5,9,5,8,7,6,6,9,8,5,7,6,6,7,7,10,6,9,6,9,5,6,5,8,10,7,10,7,9,5,6,5,7,8,6,9,8,7,7,6,6","1894,2337,1862,1474,1335,1009,4951,2526,2440,1869,2495,3412,2370,1593,1296,931,1609,1590,2353,2252,3158,2028,2140,2032,2489,4158,1168,2489,1955,1969,3818,1924,1838,3818,2286,1837,1794,1519,2003,2370,1973,2886,1512,970,3770,1577,1593,1338,1441,2926,3949,2859,2241,2076,1152,2456,1366,1946,1092,1049,3542,2534,1461,1753,1561,1505,2577,2408,1657,2285,974,1803,2845,1938,4692,6169,5728,1620,3544,1392,2386,1261,2740,4172,4428,4674,1894,3697,1341,1757,1492,2041,2303,1382,2707,1639,2138,5005,3324,1569","9,8,7,5,6,5,9,6,7,8,7,9,6,8,5,6,5,7,8,9,7,5,6,9,8,8,5,7,6,9,7,5,6,8,9,6,9,5,7,8,8,9,6,5,7,9,5,6,7,8,9,7,6,8,5,7,9,8,6,5,9,5,8,7,6,6,9,8,5,7,6,5,8,7,9,7,9,6,8,5,6,5,8,9,7,9,7,8,5,6,5,7,8,6,9,9,7,8,5,6"
8,234,5,PRE_TEST,nolan,zpdes,"6,7,6,7,5,6,8,7,5,8,5,5,7,8,8,5,6,8,7,8,5,7,8,6,7,5,7,8,7,6,6,5,7,8,9,8,5,6,9,6,5,7,6,9,7,8,6,6,7,7,5,6,9,7,9,7,8,5,6,8,8,8,5,8,6,7,11,5,6,7,7,9,7,5,5,7,8,9,5,6,5,7,7,6,9,5,6,7,8,7,8,5,7,8,6,6,6,9,9,5","3258,3385,4597,4436,2464,4553,2582,2788,1214,4640,4824,2557,3500,3145,3806,2809,4217,3742,4502,5435,2250,3484,3402,4027,4679,3116,2950,4617,3609,2446,2101,2284,4585,3853,2921,2892,2038,8410,2392,4685,4877,3868,2634,3603,2757,3178,2738,2793,2807,3202,2788,2363,4623,2654,3049,2301,2547,2241,2255,3128,3130,3147,4217,3040,2915,3272,7552,4818,2892,3483,2713,4674,3048,1832,3075,2727,2989,7169,2555,3038,3022,1842,3135,2405,2500,2364,2121,2442,4757,2705,3313,3955,1473,3000,2339,1927,2421,3061,4615,2939","9,8,6,7,5,6,7,8,5,9,6,5,7,8,9,5,6,8,7,9,5,9,8,6,7,5,8,9,7,6,6,5,7,8,9,8,5,7,9,6,5,7,6,9,8,9,5,6,7,8,5,6,9,7,8,7,8,5,6,9,7,8,5,9,6,7,8,5,6,9,8,9,7,5,6,7,8,9,5,6,5,8,7,6,9,5,6,8,9,7,8,5,7,9,6,7,6,8,9,5"
9,234,5,POST_TEST,nolan,zpdes,"5,7,8,6,8,6,8,5,7,7,7,5,8,6,9,6,8,5,7,7,8,7,8,5,6,5,7,7,6,9,8,7,5,6,9,8,6,7,8,5,7,8,5,6,8,9,9,5,6,7,9,6,5,8,7,6,8,5,7,9,7,5,6,8,9,8,5,8,7,6,8,5,6,7,9,7,5,6,8,8,8,6,5,6,9,8,6,7,5,9,9,8,5,6,7,6,9,7,8,7","1221,4644,2779,2576,2909,2447,2542,2323,7109,2412,4541,4362,3371,2389,3256,4950,2744,2175,2662,4236,3276,2847,3107,2424,4009,2599,4486,5555,3297,5954,3484,3566,3284,2610,4499,3327,2512,6542,1413,2370,4569,2974,3625,3442,3698,3173,2394,1197,2198,4132,2557,2198,2112,2802,3902,2573,3332,3311,1992,5413,1781,2545,744,2731,4282,5654,3252,2912,3064,2381,2767,2460,2584,2899,2994,2494,1963,2002,2610,2259,2524,2873,2207,4207,3442,2934,2522,2693,1904,3900,4065,3182,2092,2441,3081,1873,2890,3283,2894,3016","5,7,9,6,8,6,8,5,9,7,7,5,8,6,9,6,9,5,8,7,9,7,8,5,6,5,7,8,6,9,8,7,5,6,9,9,6,7,8,5,7,8,5,6,9,9,8,5,6,7,9,6,5,8,7,6,8,5,7,9,7,5,6,8,9,8,5,9,7,6,8,5,6,7,9,7,5,6,9,8,8,7,5,6,9,8,6,7,5,9,9,8,5,6,7,6,9,5,8,7"
10,246,5,PRE_TEST,elod.joubert,baseline,"5,6,6,6,7,5,6,5,7,6,7,7,6,7,5,5,7,6,7,7,8,7,6,9,6,7,7,7,6,5,7,7,5,6,8,6,8,6,6,5,8,5,6,7,6,7,6,7,8,5,6,7,8,5,6,6,5,7,1,5,5,7,8,6,6,5,6,7,7,6,6,5,5,8,8,5,7,5,6,6,7,7,7,6,6,7,5,7,6,6,6,7,6,6,7,7,8,5,7,7","3796,3233,3812,4906,3292,3260,2875,2952,5122,3955,3840,4951,2753,6898,2814,3142,5004,3702,4414,9267,4588,3864,3777,4445,2790,4490,3301,4670,4406,4667,3506,4369,3107,4942,6265,6455,4058,3873,7037,3458,4458,3441,3671,3964,4077,2592,3318,4213,2453,2758,6789,3381,4446,3860,3659,3421,2855,4658,1223,14225,5890,4445,3709,4837,3869,2457,5981,4057,3457,4963,8651,3119,4572,5492,9436,2914,4242,3559,3103,7388,3433,5708,4142,5391,2524,3607,2947,6457,5328,4464,24614,40104,16104,2740,2457,2808,3361,3341,4557,3834","5,8,6,9,7,6,8,5,9,7,7,9,6,8,5,5,8,6,7,9,8,7,5,9,6,9,7,8,6,5,7,8,5,6,9,7,8,6,9,5,9,5,6,8,7,8,6,7,9,5,8,7,9,5,6,6,5,7,8,9,5,8,9,6,7,5,6,9,8,7,7,5,6,9,8,5,9,6,7,8,8,9,7,5,6,8,5,9,6,7,5,8,6,9,7,6,8,5,7,9"
11,246,5,POST_TEST,elod.joubert,baseline,"6,7,7,6,5,6,8,7,5,7,8,7,6,7,6,6,5,8,8,5,7,6,6,6,7,5,5,7,7,7,8,7,7,7,5,7,6,7,6,5,6,7,8,5,7,5,8,7,6,7,6,8,4,7,5,6,7,5,7,8,6,8,7,6,7,5,7,7,6,6,6,7,7,5,6,7,6,5,5,7,6,6,7,5,7,5,6,6,6,7,5,5,7,7,6,6,8,5,7,6","4728,4469,2238,2940,2336,6477,4170,2982,4204,5354,4841,4577,6236,3793,4528,3572,3808,3400,3596,2855,3442,3852,2748,2637,4684,3257,4210,5380,4271,4636,13853,7255,4675,3690,3096,3393,3941,5903,2977,4006,4191,3822,6226,7255,2689,4495,5416,4800,3073,2669,2556,9573,3306,5007,4010,3778,3678,4502,6230,3980,4466,4920,2207,3706,5156,4942,6410,5152,3637,5154,4070,4902,6322,3841,3721,3723,6174,3649,1073,4969,3477,3859,1548,3388,5521,4168,4020,3377,4262,3659,4570,4776,3265,3597,4006,2918,5469,3304,3839,3063","8,7,9,6,5,6,9,8,5,7,9,8,6,7,5,7,6,9,8,5,9,5,7,6,8,5,6,8,9,7,7,9,6,8,5,8,6,9,7,5,7,8,9,5,6,5,9,8,6,7,7,8,6,9,5,6,7,5,8,9,5,7,9,6,8,5,8,7,9,6,5,8,9,6,7,7,8,5,6,9,6,7,8,5,9,9,7,5,6,8,6,5,7,9,8,7,8,5,9,6"
12,247,5,PRE_TEST,kelly.vin,zpdes,"6,5,7,6,6,6,5,7,5,6,6,5,6,6,7,5,5,6,2,7,8,8,5,7,6,6,5,8,9,6,6,8,7,7,5,5,7,5,6,6,5,5,7,9,7,6,6,5,5,5,6,5,5,6,5,7,8,7,6,6,6,6,6,7,6,7,9,7,7,5,7,6,4,6,7,7,5,6,6,6,4,5,6,7,8,15,6,6,9,5,5,6,7,7,7,5,6,6,7,8","10572,1399,5167,3741,3351,3072,3078,5116,15758,8505,1620,1288,2728,2384,1740,2174,9296,4378,2549,1008,1745,10038,54589,3726,6161,5057,3518,4067,5264,2859,3927,3856,3434,4164,1402,1442,3670,2039,2890,2823,969,1906,3303,3820,2292,2741,4360,1297,2201,3445,2030,1948,1128,3341,1572,1072,1245,1664,3030,2593,1823,2460,1545,2114,2780,3043,1436,1582,2069,985,3769,1959,1885,1457,2831,3527,3279,2124,2305,3540,1076,5657,2113,5019,2232,1904,2064,2612,3677,2318,2282,2496,3906,2122,2204,1962,2165,3192,2539,1411","7,5,9,6,8,6,7,9,5,8,6,5,7,8,9,5,8,7,6,9,8,9,5,7,6,7,5,8,9,6,6,9,7,8,5,7,9,5,8,6,5,8,6,7,9,6,8,5,9,7,9,8,5,7,6,6,9,5,7,8,9,7,5,8,6,8,9,7,6,5,9,7,5,6,8,7,5,6,8,9,5,7,6,9,8,8,7,6,9,5,5,6,7,8,9,5,8,6,7,9"
13,247,5,POST_TEST,kelly.vin,zpdes,"5,7,8,8,7,9,5,5,7,8,8,8,9,7,6,5,7,7,7,7,6,7,8,9,6,9,5,7,6,6,6,9,7,6,8,6,7,7,9,5,6,5,6,8,7,5,7,7,8,6,5,7,5,7,7,6,7,7,9,5,5,6,7,6,5,7,5,6,8,6,7,7,8,5,6,6,6,7,5,7,9,6,6,6,7,7,6,7,8,6,4,6,6,6,7,6,5,6,6,7","1710,2692,2305,2630,3087,3340,2525,1628,3022,3308,3103,3160,2968,3158,3375,3850,6978,6483,3690,2309,3160,3664,3385,3235,3078,5312,1205,1786,6985,7882,3223,3983,3704,5918,5341,2660,4046,5983,3568,2437,3144,4199,2539,3860,6476,3485,3639,3220,2891,4009,1722,5481,2297,3363,3092,2320,4255,3195,4007,3148,2984,3282,4000,2605,2462,2981,1893,1369,4778,3650,5695,5938,7398,1269,1979,4155,3506,3013,5297,2825,4222,4629,2961,4377,3140,3529,4112,1690,837,5514,2105,2351,10080,5951,2709,3352,2521,2344,4039,5337","5,7,9,8,6,9,6,5,7,8,7,9,8,6,5,5,7,9,8,6,5,7,8,9,6,9,5,8,6,7,7,9,6,5,8,6,7,8,9,5,8,5,7,9,6,5,9,7,8,6,5,9,6,7,8,6,8,7,9,5,6,8,9,7,5,8,5,6,9,7,8,7,9,5,6,8,6,9,5,7,9,5,7,6,8,7,6,8,9,5,5,6,7,9,8,5,6,8,7,9"
14,251,5,PRE_TEST,βen10,baseline,"6,7,5,8,7,6,5,9,8,9,7,8,8,6,6,6,8,9,10,6,9,6,7,8,5,5,8,5,7,9,8,9,7,5,6,5,10,8,6,7,9,7,9,6,5,10,6,9,7,5,7,9,6,7,5,6,7,5,7,8,8,5,7,6,7,9,7,5,8,6,8,5,7,9,7,8,6,5,8,9,7,6,5,8,9,5,7,6,8,7,6,5,7,7,9,6,7,7,9,5","2026,4511,1874,3399,1988,3527,3934,3009,3190,3406,4665,2885,3039,4488,2355,1992,3272,3765,1968,1864,3809,1605,6459,2375,3701,2371,4835,2419,6130,4163,4917,1585,3005,1892,3085,1861,2114,2668,1961,2766,2934,6279,2331,2227,4268,3689,791,1579,4954,1495,5178,3466,2298,3660,2276,2992,2477,2217,3309,4998,3055,4148,2635,1968,2483,4622,2648,2444,3088,2327,3601,1422,4466,4490,3007,2862,2025,2448,5717,4040,3552,1587,963,5902,3509,2086,2981,2004,2321,2523,1375,2849,3099,1811,4859,1766,8420,2766,3810,1733","6,9,5,8,7,6,5,7,8,9,9,8,7,5,6,6,7,8,9,5,8,6,9,7,5,5,8,6,7,9,8,9,7,5,6,5,9,8,6,7,9,7,8,6,5,9,6,8,7,5,8,9,6,7,5,6,7,5,8,9,9,5,8,6,7,9,7,5,8,6,8,5,6,9,7,8,6,5,7,9,7,6,5,8,9,5,9,6,8,7,6,5,7,8,9,6,8,7,9,5"
15,251,5,POST_TEST,βen10,baseline,"6,8,5,9,7,8,8,7,6,5,7,9,6,5,7,6,8,5,7,7,5,8,8,8,6,8,9,6,7,5,9,7,7,5,9,5,7,8,9,6,8,9,8,5,6,8,5,7,10,6,11,7,7,6,9,9,6,8,7,5,7,10,8,6,5,5,6,7,7,7,11,5,6,7,8,6,9,7,8,5,8,9,7,6,5,8,9,5,7,8,6,7,12,8,5,6,5,8,8,8","2219,2610,1764,3821,3382,3292,4615,2438,1961,1134,2699,3108,2164,2103,3518,2390,3314,3073,6911,3145,3592,4260,3951,4629,3013,4368,2093,1979,4544,2401,3434,4761,2429,2072,3553,1760,2813,2569,3294,2216,2019,3321,2483,2520,2353,5263,1836,3352,3566,2083,5210,2880,2416,2402,3011,3226,1984,3409,3161,2930,4566,3947,3355,2962,1195,2563,1830,2101,2958,3358,4780,1601,2240,2351,3472,1909,3793,2156,2314,1834,4310,4479,3799,3100,2720,3538,2789,2457,3178,4726,3912,2360,5626,2071,1642,1616,1380,2997,4370,2822","6,8,5,9,7,9,8,7,6,5,8,9,6,5,7,6,8,5,7,9,5,9,8,7,6,8,9,6,7,5,8,7,6,5,9,5,7,8,9,6,8,9,7,5,6,8,5,7,9,6,9,7,5,6,8,8,6,9,7,5,7,9,8,6,5,5,6,8,9,7,9,5,6,8,7,6,9,7,8,5,8,9,7,5,6,7,9,5,6,8,6,7,9,8,5,6,5,8,9,7"
16,254,5,PRE_TEST,scostard,baseline,"7,8,5,6,6,5,8,4,6,7,7,7,4,7,6,8,5,6,7,7,6,8,5,7,7,6,5,5,7,7,7,5,5,8,6,8,6,5,9,7,5,5,7,8,6,7,5,5,7,7,9,7,5,6,7,8,7,6,5,9,4,7,8,6,6,8,6,7,5,6,7,8,5,7,6,9,6,7,6,5,6,5,7,6,7,8,5,6,6,8,7,9,4,5,6,6,6,8,7,5","5743,5016,3213,3432,3245,2646,5366,2287,2982,3200,4107,3524,7475,3540,3027,4210,2330,3158,5027,3273,4211,4009,2858,4144,8774,6759,2386,2414,3993,3473,4309,4752,3740,5046,6778,4157,3470,2944,3722,3103,2680,6465,4229,6607,3307,3121,2942,2659,4724,3822,4575,2929,2992,3809,4158,3974,3728,3345,2913,4921,3067,4094,2842,8218,6661,6611,3939,2996,2794,3608,4360,4589,4115,4192,2906,5282,2861,3242,3739,3148,2347,1674,2595,3360,3109,4229,2492,3157,5835,3992,5460,3892,1924,5310,3196,4390,3255,3388,4571,3424","9,8,5,6,7,6,9,5,7,8,7,8,5,9,6,9,5,6,7,8,6,7,5,9,8,8,6,5,9,7,8,7,5,9,6,8,6,5,9,7,5,6,8,9,7,7,6,5,8,9,8,7,5,6,9,8,7,6,5,9,5,9,8,7,6,9,7,8,5,6,9,8,5,7,6,9,6,7,8,5,6,5,9,7,8,9,5,6,7,8,8,9,5,6,7,7,6,9,8,5"
17,254,5,POST_TEST,scostard,baseline,"4,6,6,8,5,7,6,5,6,6,5,6,8,6,7,7,7,6,7,6,7,6,7,9,5,5,8,6,7,7,6,6,7,8,5,6,7,7,6,4,6,5,6,7,7,7,7,6,8,6,6,7,9,6,7,8,7,6,5,6,6,7,6,5,5,6,6,4,7,7,6,7,6,5,7,6,5,5,7,6,6,6,7,4,6,6,6,5,6,8,6,6,6,5,7,6,7,5,6,6","1259,1793,2241,2708,5847,2069,2661,1962,1895,1640,1808,2759,2543,2954,2357,4443,1086,2102,1275,1840,3259,2626,3493,1655,1373,1468,1179,1507,2607,1584,1879,1426,3979,5862,1946,6229,3461,2080,3204,1782,1881,1472,1357,2848,2225,3177,1841,1941,3607,1178,1529,1256,1826,1096,1276,1239,1514,1294,1522,942,3543,1178,1546,1361,1395,1146,1295,1630,1147,1946,1377,977,1466,1708,2127,1284,1211,1259,1790,1322,2879,1683,1291,2256,1322,3051,1607,1627,1424,1376,1571,1664,2996,1411,1246,1448,1349,3826,1226,2435","6,9,7,8,5,9,6,5,7,8,5,6,9,8,7,8,7,5,9,6,8,6,7,9,5,5,9,6,8,7,7,6,8,9,5,6,9,8,7,5,8,5,6,9,7,7,8,6,9,5,6,7,9,5,8,9,7,6,5,8,7,9,8,5,6,6,7,5,9,8,6,8,7,5,9,8,6,5,9,7,8,7,9,5,6,8,7,5,6,9,7,9,6,5,8,6,9,5,8,7"
18,257,5,PRE_TEST,mayol,baseline,"6,6,8,7,6,6,8,9,5,7,5,6,7,8,7,9,8,8,6,5,6,9,8,9,5,6,10,5,15,7,5,7,5,8,8,6,6,8,5,8,7,5,7,7,5,6,5,7,9,6,7,6,9,5,9,7,6,8,9,5,7,5,6,7,7,6,5,8,7,9,5,6,6,7,9,7,10,7,5,8,5,6,7,8,10,9,5,7,5,8,7,8,10,6,5,8,9,7,5,7","2616,2983,4120,3799,2862,3470,3650,5838,3931,3032,2302,2656,2652,5613,2318,3436,3019,3600,3339,1277,2502,3382,2559,3414,3217,1896,1886,2347,2367,2298,2860,2340,2210,2716,7653,3242,3091,4282,2438,3444,3616,2888,2291,2551,2837,2436,1535,2534,2525,2154,2542,2037,2493,935,2437,1653,1523,3100,2134,1694,2673,2053,1838,1989,2074,1609,1808,3599,2253,2839,1591,1895,3305,1510,1701,1899,4041,1912,2188,2632,2056,1519,2304,2941,2892,1840,2118,2472,992,2742,1634,1681,1556,1506,2150,2415,2367,1882,1285,1558","8,6,9,7,5,6,8,9,5,7,5,6,7,9,8,9,8,7,6,5,6,8,7,9,5,6,9,5,8,7,6,7,5,9,8,7,6,8,5,9,8,5,7,9,6,6,5,8,9,7,7,6,9,5,8,7,6,8,9,5,7,5,6,8,9,6,5,8,7,9,5,7,6,8,9,6,9,7,5,8,5,6,7,8,9,9,5,7,6,8,8,7,9,6,5,8,9,7,5,6"
19,257,5,POST_TEST,mayol,baseline,"7,9,7,5,5,5,6,8,6,10,8,6,9,5,7,5,6,9,9,7,10,8,5,6,6,5,7,8,6,9,8,8,7,5,6,7,6,5,8,8,10,7,6,7,6,5,8,6,7,7,7,6,5,8,9,8,8,5,6,7,7,8,6,5,8,7,8,6,9,5,6,8,5,9,7,8,6,5,7,8,9,5,5,8,7,7,8,9,5,6,5,7,8,6,9,7,9,6,5,10","2299,1808,2101,1826,1640,1935,970,1785,1969,1695,2168,2567,2596,1255,1837,2106,1618,2698,2822,1154,4231,1229,2033,2051,1888,1742,1886,2247,2401,1667,2084,2035,1723,2434,1909,2105,1068,1786,1925,1774,2486,1501,1435,1745,1856,1760,2041,3035,2205,1725,1758,1518,1811,1277,886,2073,1900,1612,1497,1821,1331,1354,1243,1776,1202,2268,1503,1153,1903,1220,1230,1782,1405,2826,2005,1451,1219,1151,1491,1356,1740,1768,2249,2101,2065,1812,2088,2026,2535,1636,1451,1588,1724,1169,1353,1298,2002,1371,1712,2135","7,9,8,6,5,5,7,8,6,9,8,6,9,5,7,5,6,8,9,7,9,8,5,7,6,5,7,8,6,9,9,8,7,5,6,7,6,5,9,8,9,7,6,8,5,5,9,6,7,8,7,6,5,8,9,8,9,5,6,7,7,9,6,5,8,7,8,6,9,5,6,8,5,9,7,9,6,5,7,8,9,5,6,8,7,6,8,9,5,7,5,7,8,6,9,7,9,6,5,8"
20,260,5,PRE_TEST,elogaugi,baseline,"6,5,5,5,5,6,5,6,7,7,5,6,5,6,6,6,5,6,7,6,7,8,5,5,5,6,8,6,5,7,7,5,5,8,6,5,8,7,8,8,6,7,7,8,5,7,5,5,8,7,6,5,7,8,6,6,7,8,5,6,6,9,5,6,7,6,5,7,4,8,5,5,7,8,8,6,7,8,7,5,8,6,5,7,5,6,6,7,7,7,5,6,6,7,7,8,5,5,7,6","4662,2579,2233,3304,3277,4160,1986,2313,2511,2700,1784,2292,1965,3270,2082,10904,2186,942,2560,2634,1806,1788,2087,4267,1982,2258,2086,3966,1986,4027,3659,1984,1756,3293,5448,1446,1815,3795,2060,3600,2315,1224,2814,4521,1394,4632,1835,1648,1644,4096,2367,1639,1635,1365,1321,1722,1733,1583,2245,1642,1641,1145,1575,1607,3171,2127,1821,1369,1380,3501,1799,1320,1617,2961,1535,1253,2851,1397,1183,1790,1189,1794,3918,1684,1786,3299,1456,1634,4993,4469,2315,4401,2119,1514,2699,1875,3390,1379,3975,2107","8,5,6,9,7,8,5,7,9,6,6,9,5,8,7,9,5,8,7,6,8,9,5,7,6,8,9,6,5,7,8,7,5,9,6,5,8,7,6,9,6,9,7,8,5,7,6,5,9,8,8,5,7,9,6,6,8,9,5,7,7,9,5,6,8,7,6,8,5,9,5,6,7,8,9,6,9,7,8,5,9,8,6,7,5,5,6,8,9,7,6,8,5,9,7,9,6,5,8,7"
21,260,5,POST_TEST,elogaugi,baseline,"5,7,6,7,5,5,7,8,6,5,8,5,6,7,7,5,8,5,8,9,9,5,6,8,8,6,8,7,7,5,8,7,9,5,6,5,7,8,6,9,7,5,9,7,8,6,8,5,8,6,5,7,7,8,7,7,9,8,8,6,7,7,6,9,8,6,8,7,9,8,5,9,7,8,9,7,5,8,9,5,6,8,6,6,8,5,6,6,8,8,10,7,7,6,5,7,7,6,7,8","2686,3803,2105,3696,3721,1142,3613,2671,2907,1785,2086,2287,1892,3091,2658,1731,2273,3687,2303,2703,3456,3371,2092,1673,1986,2162,1573,2259,1988,2402,2314,2422,1899,2788,3623,2263,1851,2653,2078,1809,1859,1449,1629,2945,3280,1894,1516,2052,1380,1525,1573,1353,1368,1410,1303,1530,1346,1412,2920,3068,2101,1422,2108,2047,1395,1610,1887,2202,1546,1425,2105,1427,1507,1292,1340,2112,1793,1784,1744,2844,1557,1493,1275,1987,1566,1425,1170,1631,1518,1646,1287,1837,2098,1497,1777,1216,2254,1654,1679,1373","5,8,7,9,6,6,9,8,7,5,9,5,6,8,7,5,7,6,9,8,8,5,7,9,6,7,9,8,6,5,8,7,9,5,6,5,8,7,6,9,6,5,9,8,7,9,7,5,8,6,5,9,7,8,6,6,9,5,8,7,8,7,5,9,6,5,7,9,8,6,5,8,7,6,9,7,6,8,9,5,5,9,6,7,8,5,6,7,8,9,8,7,9,6,5,6,5,8,7,9"
22,261,5,PRE_TEST,audrey-baeyens,zpdes,"6,6,7,5,7,8,8,7,5,6,7,6,9,8,5,6,8,7,5,7,5,6,7,7,7,7,8,7,5,6,6,9,6,6,8,10,7,5,7,6,7,5,9,6,8,8,9,7,5,6,7,8,5,7,7,7,7,6,8,5,5,7,8,7,9,5,6,7,7,8,6,5,7,8,8,5,7,7,7,7,7,6,8,5,8,5,8,8,7,6,6,8,5,9,7,5,6,7,8,7","2818,2160,1744,1676,1560,1543,4869,2324,1529,1409,2770,1402,1495,1823,1126,1218,3128,1510,1485,2477,992,1393,2394,3351,1342,2059,1668,2751,986,1100,1009,1626,1076,1267,1501,4426,2284,1401,3102,1065,1099,826,3569,926,2727,2818,3061,5287,925,1168,2253,3895,1269,1336,1667,1217,2360,1409,1034,942,1000,3802,4478,3743,1944,918,1551,1410,2636,3460,1184,1069,1178,2795,1419,1893,1983,1423,3876,1508,1540,1337,7093,1564,1467,1173,3383,3389,2580,2644,2715,4509,2127,4071,1860,1892,1979,2170,3034,1523","8,6,9,5,7,9,8,7,5,6,8,6,9,7,5,6,8,9,5,7,5,6,8,7,9,9,8,7,5,6,5,9,6,7,8,9,6,5,8,7,7,5,9,6,8,9,8,7,5,6,8,9,5,7,6,8,7,6,9,5,5,7,8,6,9,5,6,7,9,8,6,5,7,9,8,5,9,7,6,8,7,6,9,5,8,5,8,9,7,6,6,8,5,9,7,5,6,8,9,7"
23,261,5,POST_TEST,audrey-baeyens,zpdes,"7,9,7,8,5,7,8,6,8,7,7,5,7,7,6,6,5,9,8,7,5,7,7,7,9,8,8,6,5,9,8,6,6,8,7,8,5,9,8,6,8,6,9,7,5,9,5,6,8,6,5,9,9,6,6,7,5,6,7,7,6,6,6,8,8,7,8,7,9,6,5,8,7,9,7,7,5,5,7,8,7,5,8,9,7,8,5,7,8,6,5,6,6,8,7,5,6,9,7,8","1648,1139,2574,2872,1139,1965,1706,1956,3047,3082,1374,1481,996,1790,1406,1263,998,1798,2823,3155,914,2089,3557,965,3315,1972,980,1447,1105,2413,3266,3292,1479,2647,2491,2214,1872,3607,1508,3715,2689,1163,3666,2648,1646,1639,980,1163,3808,1181,1313,2764,2040,2091,1908,2057,1155,913,2656,1639,1480,990,1314,5091,3158,2549,2106,922,1907,1130,1032,939,1013,2324,7018,3209,2191,2599,1373,1073,865,1416,1281,1089,908,1114,1090,1556,1363,1508,1338,1481,1431,1632,1814,1039,1715,2056,1831,1574","7,9,6,8,5,8,7,5,9,6,9,5,8,7,6,6,5,9,8,7,5,7,6,8,9,8,7,6,5,9,9,5,6,8,7,8,5,9,7,6,8,6,9,7,5,8,5,6,9,7,5,8,9,6,7,8,5,6,9,7,7,5,6,8,9,6,9,7,8,5,5,8,6,9,7,9,6,5,7,8,7,5,9,8,6,7,5,9,8,6,5,8,6,9,7,5,6,9,7,8"
24,263,5,PRE_TEST,clara,baseline,"9,8,7,6,7,5,10,6,6,9,8,7,9,8,6,6,9,6,5,8,5,8,10,6,7,7,8,7,5,6,6,8,6,5,8,9,10,7,8,5,9,6,7,5,8,8,6,9,5,10,8,6,6,8,5,8,6,4,6,10,8,13,6,5,5,6,6,5,9,7,9,5,6,8,7,9,6,10,6,5,8,5,5,6,9,9,5,6,8,7,6,7,7,5,8,8,6,6,5,8","2290,2987,1975,1766,3498,791,1923,2136,1956,2165,2109,1645,1318,3791,906,1807,2131,1898,1982,1562,3297,1758,2064,2366,1724,2338,2024,1399,1712,2405,1802,1057,731,1824,2632,827,2579,1718,1537,1233,1932,1919,2036,2402,2165,1927,1306,1235,1453,3507,1897,3137,3830,1637,1548,1572,2065,2826,3548,1282,2583,1177,1565,1914,1824,1649,2612,1497,1098,979,2114,1952,1831,3153,2489,2747,2012,2320,2641,1505,1897,1734,1237,1625,1180,2231,1848,1973,1309,1909,2849,1706,6310,1716,2009,2123,1931,1930,1735,1865","9,7,6,5,8,5,9,6,7,8,7,6,8,9,5,7,9,6,5,8,5,9,8,6,7,6,7,9,5,8,7,8,6,5,9,8,9,6,7,5,7,6,8,5,9,8,6,7,5,9,8,6,7,9,5,8,6,7,5,9,8,9,7,6,5,6,7,5,9,8,9,5,6,8,7,9,7,8,6,5,8,5,6,7,9,9,5,6,8,7,6,8,7,5,9,8,7,6,5,9"
25,263,5,POST_TEST,clara,baseline,"8,8,8,8,5,8,6,5,8,7,6,7,9,6,5,7,6,6,6,5,7,5,6,6,8,7,6,8,6,8,6,8,7,8,5,5,9,8,6,8,5,8,8,6,8,5,6,6,5,5,5,8,7,6,7,8,7,7,6,5,7,5,6,6,5,6,5,7,7,8,5,8,6,7,8,5,8,6,6,7,7,7,6,5,7,8,8,8,6,5,7,5,7,8,8,8,5,7,7,8","1190,1782,2128,2469,1346,1581,1360,1625,1802,2665,1396,2204,1047,1856,2052,1361,2156,2132,2406,1986,2149,1787,2251,2328,2549,2765,2740,1931,2470,1465,1935,1861,2196,2148,2281,1821,1911,1744,3584,2218,2054,2665,1465,1607,2045,2008,3151,1973,3215,2466,2202,2052,3086,1560,2353,1908,1622,1847,1979,1847,2320,2298,2615,1431,1790,1548,1616,1629,2114,3703,2287,1971,1846,1438,3275,1907,2202,1332,2170,1914,2374,3499,2730,1504,1769,2572,1793,1537,1486,1356,1574,1587,1006,1783,2865,3552,2084,1349,1712,3143","7,9,6,8,5,8,6,5,9,7,7,8,9,6,5,8,7,5,9,6,9,5,7,6,8,8,6,9,5,7,6,8,7,9,5,5,9,8,6,7,5,7,8,6,9,5,9,7,8,6,5,8,7,6,9,9,8,7,6,5,8,7,9,6,5,6,5,7,9,8,5,9,6,7,8,5,8,6,7,9,8,9,6,5,7,8,9,7,6,5,8,5,6,9,7,9,5,6,7,8"
26,265,5,PRE_TEST,mangdoline,zpdes,"6,5,8,6,6,5,6,6,8,7,6,6,8,5,6,6,7,6,5,5,7,5,6,7,6,6,5,6,7,6,7,7,5,6,6,6,7,6,5,6,6,6,5,7,5,6,6,6,5,7,5,7,5,5,7,8,6,6,6,5,6,7,5,7,6,6,5,5,7,6,7,7,6,6,5,4,6,6,7,8,8,6,8,6,5,5,7,6,7,6,7,5,7,6,5,7,6,5,7,6","5276,2746,5108,4898,4241,3347,3921,5059,6026,4852,3394,3184,3931,2025,3464,4608,5774,4493,2992,2657,3178,3176,2667,2896,2197,3213,2650,5893,2435,2849,2647,4310,4729,3428,4178,2150,3996,2514,2510,3178,2675,2346,2712,3764,2296,3994,2931,4210,1862,3216,3390,2972,2494,3414,3312,3322,2496,3076,3478,2106,3797,3082,3172,4548,2994,3325,1996,3815,4481,5177,3255,3182,4178,3244,1957,3792,4741,3283,2757,3463,3095,2506,5710,3063,2829,3035,3988,2241,3942,5991,3310,3311,3927,3409,2145,5677,3608,1844,3468,2495","8,5,9,7,6,5,6,7,9,8,8,6,9,5,7,7,9,8,6,5,9,5,6,7,8,7,5,8,9,6,8,9,5,7,6,6,9,8,5,7,8,7,6,9,5,8,7,6,5,9,5,9,6,7,8,9,7,8,6,5,7,8,5,9,6,8,5,6,9,7,9,8,6,7,5,5,7,6,9,8,8,6,9,7,5,5,8,6,9,7,9,6,7,8,5,9,7,5,8,6"
27,265,5,POST_TEST,mangdoline,zpdes,"8,7,8,5,9,6,7,5,7,7,5,8,8,7,7,5,6,7,8,7,7,5,7,8,8,6,5,8,7,8,8,6,9,9,6,8,7,5,7,9,8,9,8,5,5,5,9,8,8,6,5,7,6,6,8,7,6,7,7,9,9,5,9,8,5,7,7,7,6,7,10,5,6,8,7,6,7,8,6,8,8,8,5,6,6,8,15,7,5,6,6,7,9,6,8,8,5,7,7,7","5689,3090,3296,4058,4708,3543,3324,3059,8974,2474,2875,4605,4110,3394,5699,2640,1770,3940,4862,6673,2557,4144,18699,4489,2258,4061,2907,2825,4355,4441,5552,4428,4415,3362,2008,3416,5440,2443,3793,4790,3912,4190,5673,2395,65274,3002,3028,4978,4695,3291,13269,3666,3408,1958,5123,3195,3507,3311,2997,3795,3871,4008,3945,2760,2474,1891,3599,2782,3682,2993,5439,2276,2543,3763,2591,2941,3360,2626,2944,2797,2760,2760,2145,2529,2209,5210,3872,2877,1548,3693,3046,2867,4189,2725,3416,2906,3241,2754,2936,3290","9,6,7,5,8,6,8,5,9,7,5,9,6,7,8,6,5,9,8,7,7,5,6,9,8,8,5,9,6,7,7,6,8,9,5,7,6,5,8,9,8,7,9,5,6,5,9,8,7,6,7,8,5,6,9,7,5,6,8,9,8,6,9,7,5,8,7,6,5,9,9,5,6,8,7,5,9,8,6,7,9,8,5,7,6,8,9,6,5,7,5,7,9,6,8,8,5,7,9,6"
28,267,5,PRE_TEST,nakarab,baseline,"6,5,6,8,7,8,5,7,5,7,6,5,6,8,9,10,5,7,7,6,6,5,9,8,7,5,8,6,7,7,6,5,8,7,9,6,7,8,6,8,7,5,8,6,7,6,9,7,5,9,6,8,7,5,10,5,7,6,8,9,5,6,6,8,9,7,7,9,6,5,8,8,5,7,6,5,5,7,8,9,9,6,6,8,5,6,8,7,5,7,8,9,6,5,7,6,8,8,7,5","2131,3662,6190,4740,4125,4407,3324,4447,3324,3973,4442,3659,2106,3856,3822,6731,2912,3891,3344,3807,3473,2141,4095,3191,3248,3039,3692,3129,3198,2365,2624,1774,3607,2806,3865,2643,3181,3958,4681,4123,3581,3630,5464,2915,4825,2241,3909,4316,2426,4066,2607,3360,3083,2723,4112,2383,3612,3607,3280,3649,1790,3875,4108,4509,4715,3176,5340,3807,3443,5282,3675,2865,3875,5006,1591,2148,2222,3405,5309,5872,3172,5445,13089,3124,4124,4043,4424,7492,1449,3075,3723,6073,2373,2708,6138,1515,5872,3390,5058,2922","6,5,8,9,7,8,6,7,5,9,6,5,7,9,8,8,5,9,7,6,6,5,9,8,7,5,8,6,7,9,6,5,8,7,9,6,7,8,5,9,8,5,9,7,6,6,8,7,5,9,6,8,7,5,9,5,7,6,8,9,5,7,6,8,9,8,7,9,6,5,9,8,5,7,6,5,6,7,8,9,9,7,6,8,5,6,9,7,5,8,8,9,6,5,7,6,9,8,7,5"
29,267,5,POST_TEST,nakarab,baseline,"6,5,7,9,6,8,8,9,6,5,7,9,8,6,6,5,8,8,7,8,5,8,6,6,9,7,7,9,5,9,8,8,6,5,9,7,6,9,8,5,8,9,6,5,7,7,7,5,8,8,5,8,8,6,7,8,5,7,6,8,5,6,8,7,6,9,7,8,6,5,8,6,5,6,8,6,7,5,8,8,9,5,7,4,9,8,7,6,9,5,6,8,9,5,6,8,6,7,9,5","2073,2963,3865,4354,3643,1827,4328,3880,4648,1847,2290,4406,1968,4213,2209,2822,3973,5273,3206,5198,1573,2871,4964,2211,3890,3592,3597,4140,3708,3091,3647,4023,2404,1515,2299,4471,2828,4137,3553,2006,2411,3850,1276,2174,3440,5604,3822,2803,3829,3146,2297,4573,2761,2911,2991,2411,3015,3709,2516,2763,1426,3323,4015,3204,2407,2989,2122,2793,3226,2123,3148,2025,1396,1839,2880,3471,2626,2256,2971,4239,1830,2696,3331,2555,3939,2222,3938,2310,4108,1793,3204,3923,3384,1989,5049,2805,1908,3211,2766,1458","7,5,8,9,6,8,7,9,6,5,7,9,8,5,6,5,9,8,6,7,5,9,7,6,8,7,6,8,5,9,7,8,6,5,9,7,6,9,8,5,9,8,6,5,7,6,7,5,9,8,5,9,8,6,7,8,5,7,6,9,5,7,9,8,6,9,7,8,6,5,8,7,5,6,9,6,7,5,8,9,8,6,7,5,9,8,7,6,9,5,6,8,9,5,7,8,6,7,9,5"
30,268,5,PRE_TEST,tilaborde,zpdes,"7,8,7,5,5,8,6,7,5,8,6,7,5,9,7,9,5,6,6,8,8,5,7,8,7,9,6,5,7,7,8,7,7,9,5,8,8,9,6,5,8,8,5,6,7,7,8,9,5,6,7,8,5,6,8,6,9,5,9,8,9,9,5,7,7,6,8,7,8,5,5,7,8,9,6,8,5,7,8,8,7,7,5,6,6,9,6,5,9,7,7,8,8,7,5,9,7,8,5,5","6992,9736,6332,1211,2848,8131,4026,1806,883,3739,2356,2738,2770,3448,3499,6521,2332,2828,1464,3090,6303,2948,4555,4378,4928,8641,2532,3587,5002,4837,4930,3482,2603,4135,11599,7470,4324,4341,3427,2174,4646,5206,2229,2353,4402,3260,6639,6626,2797,2379,6156,4508,2210,3031,2948,2771,4033,2836,3402,3271,4368,4988,3376,3296,2320,4456,5459,3077,1774,4541,755,2485,4339,4075,2371,8387,2511,2864,3696,4691,2501,4286,1173,3827,4975,3237,2064,1953,5082,2673,3940,2339,3539,3841,3094,4814,2888,4171,2281,2436","7,9,8,6,5,8,6,7,5,9,6,8,5,9,7,9,5,7,6,8,8,5,7,9,6,8,6,5,9,7,8,6,7,9,5,7,8,9,6,5,8,9,5,6,7,7,9,8,5,6,9,7,5,6,8,6,9,5,8,7,8,9,5,6,7,6,9,7,8,5,5,7,8,9,6,7,5,6,8,9,6,8,5,7,9,9,6,5,8,7,6,7,9,8,5,9,7,8,6,5"
31,268,5,POST_TEST,tilaborde,zpdes,"8,5,6,7,7,5,7,6,7,9,6,5,9,10,6,8,8,6,9,5,6,8,8,7,6,9,5,7,10,6,6,10,7,5,11,6,5,8,8,8,6,7,8,5,8,6,5,8,9,7,8,8,6,7,5,8,10,7,5,7,7,10,6,8,7,9,6,5,7,9,6,8,5,6,8,6,7,8,9,5,6,7,5,11,8,11,7,5,6,8,9,5,8,6,8,9,7,10,6,5","5481,2674,2645,3774,4351,3252,5309,3727,3382,2500,2588,2842,6102,6446,4235,5148,3587,2400,6245,2513,2793,2134,2622,2761,3464,5690,1619,3031,2035,919,3629,6170,1048,843,5878,1993,1068,4293,2926,4359,3736,3725,6916,2045,6136,2152,2031,3282,3891,3661,4627,3778,2038,1802,2524,4722,6364,5083,1644,3782,3430,5266,5298,5082,3059,4935,2285,4439,3202,4352,3716,6511,1654,2223,4068,3610,3431,4931,5779,3810,2427,5297,4051,4262,11370,8336,51553,3320,1777,7349,5044,2039,4306,2243,4823,6530,5699,5131,6298,58052","9,5,6,8,7,5,8,6,7,9,7,5,8,9,6,7,8,6,9,5,6,9,8,7,5,8,5,7,9,6,6,9,7,5,8,6,5,9,8,7,6,7,9,5,8,6,5,8,9,7,9,8,6,7,5,8,9,6,5,7,7,9,5,8,6,8,6,5,7,9,6,9,5,7,8,6,7,9,8,5,7,6,5,9,8,9,7,5,6,8,9,5,7,6,8,8,7,9,6,5"
32,270,5,PRE_TEST,bqueran,zpdes,"4,6,5,7,7,8,6,6,7,6,8,8,7,6,6,5,6,7,9,6,5,8,9,6,6,6,9,7,7,8,9,7,8,7,5,8,8,6,6,8,5,8,9,9,6,6,7,5,9,10,6,10,9,8,6,10,7,5,7,8,6,8,9,5,7,6,6,7,10,9,8,7,8,8,5,7,6,7,8,8,5,8,6,8,7,5,8,5,9,7,7,9,10,6,7,8,6,6,7,8","2163,1701,2058,2620,2677,2119,1993,2775,2912,2355,2527,1722,3315,2023,2920,1591,1884,2309,1493,2495,4242,2037,2004,4614,2863,2580,2204,2091,2320,2390,1843,2699,2474,2328,2024,1625,1661,2218,1552,2618,4389,3584,6756,3121,2605,1818,2181,1676,3900,2478,1940,2055,2847,1978,1439,3644,1645,1905,4144,4236,2392,3180,2195,1860,3010,1541,4310,3002,4238,3666,2069,2462,2453,2935,1349,2158,2116,2581,1970,4359,2131,4260,1609,3134,4522,1725,3313,3663,2293,2284,1887,2356,3892,1804,1956,7996,2191,3224,4277,3687","5,7,6,8,9,9,7,6,8,5,9,7,8,6,5,5,6,8,9,7,5,8,9,7,6,5,9,6,7,8,8,7,9,6,5,8,7,5,6,9,5,9,8,7,6,6,7,5,8,9,5,9,7,8,6,9,7,5,6,8,6,9,8,5,7,5,7,6,9,8,9,6,7,8,5,7,5,6,8,9,5,8,6,9,7,5,8,6,9,7,6,8,9,5,7,9,5,6,8,7"
33,270,5,POST_TEST,bqueran,zpdes,"8,6,6,8,9,5,9,8,7,8,7,6,6,10,9,8,8,7,8,7,9,5,8,6,9,7,6,6,8,9,7,10,5,7,6,9,8,6,8,8,8,7,9,8,5,5,7,9,6,7,8,5,9,7,6,6,7,6,8,7,6,8,7,5,9,9,6,6,8,7,7,7,4,8,10,8,9,5,7,6,5,8,6,6,8,9,7,7,6,8,6,6,9,7,9,8,6,5,9,9","2306,1945,1960,2295,2719,1858,4563,2473,1918,3474,2105,2541,2690,1783,3936,4319,2038,2012,1569,1845,2133,1428,2354,1118,2358,2071,1270,2739,2320,4345,3571,3792,2563,2101,1591,1615,2152,1633,3145,2531,3563,2859,3710,3794,1481,2121,2111,2483,2669,2598,2227,1680,2173,2514,2885,6045,1970,2245,5276,2913,2214,2006,2301,1633,4382,3128,1868,3294,3408,1817,1988,6269,3039,2158,3222,3584,2564,2121,3035,3238,2464,7628,1790,1581,3490,3187,1718,3228,3913,2953,2573,2447,1727,3378,2709,3054,1068,1812,4730,3185","7,6,5,8,9,5,8,7,6,9,7,5,6,9,8,7,9,6,8,5,8,5,9,6,7,7,6,5,9,8,8,9,5,7,6,9,7,5,8,6,8,6,9,7,5,7,8,9,5,6,8,5,9,7,6,7,8,5,9,6,6,8,7,5,9,9,5,6,8,7,7,6,5,8,9,8,9,5,7,6,5,8,7,6,9,9,6,7,5,8,6,5,9,7,8,7,6,5,9,8"
34,272,5,PRE_TEST,Salome.boa,baseline,"6,6,7,5,8,8,9,5,5,9,7,8,7,5,5,7,7,8,5,6,6,7,8,5,7,7,8,7,8,5,8,7,5,5,6,6,7,8,6,5,8,6,5,9,9,8,5,7,6,8,5,6,6,8,7,8,6,5,6,8,5,8,6,8,5,7,8,7,5,7,7,8,4,7,5,5,7,10,6,8,7,9,6,7,7,5,6,8,9,6,9,5,7,6,6,7,6,9,7,5","3382,2927,3833,2591,5306,5625,3438,2255,2303,3377,3813,10793,3472,1187,4269,3022,3016,3502,1864,1821,3243,3352,5920,2078,3127,1638,4870,2244,3041,2455,4870,3515,3244,2409,2477,2905,3342,6438,2920,1855,5843,7232,3955,2737,1678,2819,2555,4735,3189,3736,2454,2238,2013,3109,1047,3541,1120,2055,3436,3138,3437,2836,3671,2586,3102,4309,4655,3169,1993,3624,3744,3697,1154,6277,2979,1955,2319,3563,2825,3670,3669,1039,1688,1959,2285,1852,2520,4038,3354,2127,5825,5686,2710,3404,1556,2302,3529,4138,3276,1953","7,6,9,5,8,9,7,6,5,8,9,8,7,5,6,7,8,9,5,6,6,7,9,5,8,7,9,6,8,5,9,8,6,5,7,6,9,8,7,5,8,6,5,7,9,7,5,9,6,8,5,7,8,9,6,9,7,5,6,8,5,8,7,9,6,8,9,7,5,6,7,9,6,8,5,5,7,9,6,8,7,8,6,5,9,5,6,8,9,7,9,5,8,7,6,8,6,9,7,5"
35,272,5,POST_TEST,Salome.boa,baseline,"7,8,7,5,6,8,7,10,6,5,8,7,7,6,5,7,8,5,7,6,7,6,6,5,11,6,7,5,8,7,8,5,7,6,7,6,9,8,8,6,5,7,7,6,9,5,7,7,6,9,5,8,7,5,6,6,9,5,7,7,5,7,9,6,8,6,7,9,5,9,6,9,9,7,5,9,5,9,7,10,8,8,6,9,7,5,8,9,7,7,9,11,6,5,7,7,5,8,7,7","2146,3076,2364,2205,1954,4755,2409,5504,4141,1287,2720,2718,2611,2273,2244,5206,3404,2171,4027,1891,3758,2457,2183,1984,4867,3088,2211,1741,2529,2454,5900,2556,3755,5404,2151,2071,1855,2351,2007,1791,1875,2072,2258,2709,6613,3022,3383,3903,2571,3373,2338,2338,2329,2187,1892,1872,2071,12213,2650,2300,2104,1918,1802,2698,1454,2036,4204,2473,3171,1850,2207,2440,3186,3653,1846,1853,2320,2020,1973,2498,2710,3553,3415,2109,2830,2716,2359,2469,2537,2494,2091,1145,1066,2096,1969,2227,2288,2638,2443,1954","7,9,8,5,6,8,7,9,6,5,9,7,8,6,5,8,9,5,7,6,8,6,7,5,9,6,7,5,9,8,8,5,9,6,7,6,9,8,7,5,5,8,7,6,9,5,7,9,6,8,5,8,9,7,6,7,9,5,6,8,6,7,9,5,8,6,7,8,5,9,6,9,8,7,5,8,5,7,6,9,8,7,5,9,6,5,9,8,6,7,7,9,6,5,8,8,5,9,7,6"
36,274,5,POST_TEST,c,baseline,"8,6,7,5,6,5,7,6,8,7,6,5,9,7,6,11,4,4,7,8,7,5,5,5,7,9,7,12,6,6,6,4,6,7,11,9,6,9,7,6,4,6,7,12,6,5,6,8,7,9,6,5,7,7,5,6,7,5,8,8,10,7,5,10,6,3,10,12,5,6,6,10,5,12,5,7,4,6,8,10,10,9,4,7,12,10,5,15,6,8,6,4,8,6,6,13,7,3,9,4","2681,1547,1902,3892,2887,2214,2084,1793,2615,2913,2157,6307,1743,1692,2813,3078,2478,1704,3336,1702,977,1534,2178,1705,1897,1492,1459,3588,2223,2212,2332,1888,6957,4882,1940,2223,3365,1332,2803,2377,1994,2007,3523,942,2727,1946,2130,2601,2135,2207,1917,1068,3441,2142,3496,1848,2429,2153,2769,1907,2635,1477,1693,3656,2568,2023,2068,2277,1493,3676,1825,1319,1235,2240,1150,1907,1330,2265,2022,2985,1529,1939,517,638,619,279,4317,1204,1438,1308,1325,2202,1635,1890,4914,423,2249,1164,1163,964","8,6,9,5,7,5,7,6,9,8,8,5,9,7,6,9,6,5,7,8,9,5,7,6,8,8,7,9,5,6,6,5,7,9,8,8,5,9,7,6,5,6,9,8,7,5,6,8,7,9,8,6,7,9,5,6,7,5,9,8,8,6,5,7,9,7,8,6,5,9,8,7,6,9,5,9,5,6,7,8,7,5,8,6,9,5,9,6,7,8,8,5,9,6,7,9,6,5,8,7"
37,277,5,PRE_TEST,Susanne,zpdes,"5,6,8,7,8,7,8,5,5,7,6,5,7,7,6,5,7,9,7,6,6,8,6,7,5,8,7,5,6,8,6,6,5,8,8,7,5,7,6,8,6,7,6,8,5,8,9,7,7,5,5,6,8,7,7,8,8,6,5,5,6,7,5,8,7,9,7,7,5,6,5,7,8,8,6,9,7,5,7,6,5,6,6,7,10,7,8,6,5,8,5,7,8,9,6,7,6,9,9,5","4332,4055,4439,5053,5551,3889,4310,5451,4225,4526,3620,3559,5283,4074,3084,3461,4184,4685,3866,3469,2443,3503,10795,8733,4166,4502,4548,5125,3550,5853,4483,2685,3534,4086,5700,4149,3410,3716,3120,3886,3427,6719,4127,4586,3385,4071,7714,3584,4563,3141,4821,2716,8331,3928,4236,3711,8183,4068,3201,3954,3004,2418,3475,4752,3632,4808,4903,3382,2932,3414,5434,4268,5205,4161,3620,3295,6128,3934,3553,4236,4209,3142,4635,4691,6548,3281,4019,2060,3643,6975,3381,4122,5808,4140,3436,3856,3770,4184,4171,3186","5,6,8,7,9,7,9,6,5,8,8,5,7,9,6,5,7,9,8,6,7,8,6,9,5,8,7,5,6,9,7,6,5,8,9,7,5,9,6,8,7,8,6,9,5,8,9,6,7,5,5,6,9,8,7,8,9,6,7,5,6,9,5,8,7,9,8,7,5,6,5,7,9,8,6,9,8,5,7,6,5,6,8,7,9,7,8,6,5,9,5,7,8,9,6,7,6,9,8,5"
38,277,5,POST_TEST,Susanne,zpdes,"7,5,7,5,6,6,7,8,8,5,7,5,9,8,6,8,6,8,5,7,6,7,8,5,9,9,5,9,6,7,5,8,6,7,9,7,6,8,8,5,10,6,8,5,6,8,7,6,5,8,8,6,6,8,5,8,7,9,5,6,5,7,9,7,5,7,10,5,7,6,8,5,7,6,8,5,8,6,8,5,7,8,5,9,5,8,7,5,8,6,7,6,7,8,5,8,5,7,6,7","3774,3654,4983,4702,4076,3085,3297,3775,4729,2940,3590,3542,5392,3874,3312,4133,1891,4101,2574,4436,3623,4503,4580,4342,9004,4456,3009,5721,2059,7089,3733,5107,3366,3782,5038,3192,2891,3462,10451,3137,4812,3481,6834,1954,4323,4449,3382,5441,4077,4344,5240,3482,4585,4104,3850,7052,3408,7508,3137,2682,3115,3459,6686,3757,3547,4037,6188,4606,4309,4129,7205,3155,3475,3358,3824,3408,4468,4036,4174,3452,3321,4379,3726,4885,6104,3953,4416,2841,5184,2732,3800,3316,3049,5024,2714,4892,2740,4158,3219,2213","9,5,8,7,6,6,7,9,8,5,7,5,9,8,6,8,6,9,5,7,6,7,8,5,9,8,5,9,6,7,5,8,6,7,9,7,6,9,8,5,9,6,8,5,7,8,7,6,5,9,8,6,7,9,5,8,7,9,5,6,5,8,9,7,6,8,9,5,7,6,9,5,7,6,8,6,9,7,8,5,7,8,5,9,6,8,7,5,9,6,8,6,7,9,5,9,5,8,6,7"
39,280,5,PRE_TEST,Romain851,zpdes,"5,7,6,6,6,5,7,6,8,7,8,7,6,9,5,5,8,8,10,6,7,7,6,9,6,7,6,5,7,9,8,5,6,7,7,6,6,7,8,5,7,5,6,6,7,8,8,6,5,6,6,8,8,5,5,6,5,7,7,8,7,5,6,7,7,8,7,6,6,5,6,5,9,8,7,8,5,5,8,7,7,5,7,6,6,7,8,6,5,7,5,8,6,8,7,8,7,5,7,6","3237,1898,3066,1299,3041,2151,2992,2053,1887,2179,1638,2352,1229,1335,1409,1408,3288,1041,1410,1312,4253,1203,1120,2851,1587,1167,966,1113,3161,1258,1095,1661,2259,1290,2453,2154,2785,2089,2626,2296,2905,1436,1177,1537,2626,2790,2491,2104,1447,1884,2026,2175,2307,1290,1126,1789,1904,2270,2656,2541,5043,1550,2407,1627,2584,1770,3520,1687,1311,1991,1787,896,2419,1350,1289,1998,1024,2099,1150,1965,1990,1905,810,1909,6039,3117,999,1690,1528,1993,1419,1168,1705,4240,2469,3962,2198,1199,1795,2003","5,8,7,6,9,5,8,6,9,7,9,7,6,8,5,5,7,8,9,6,8,7,6,9,5,8,6,5,7,9,9,5,6,7,8,6,7,8,9,5,9,5,6,8,7,8,9,6,5,7,7,8,9,5,6,6,5,7,8,9,9,5,6,7,8,9,8,7,6,5,6,5,9,8,7,9,5,6,8,7,8,5,7,6,9,8,9,6,5,7,5,9,6,8,7,9,8,5,7,6"
40,280,5,POST_TEST,Romain851,zpdes,"5,6,7,6,8,6,7,5,8,8,5,7,6,7,8,8,7,9,5,6,8,7,7,5,6,6,7,6,5,7,6,5,7,7,8,8,7,7,5,6,7,5,6,6,7,8,5,6,7,6,5,7,7,8,6,5,5,8,7,7,9,5,8,6,5,8,6,5,7,8,6,7,8,5,8,6,8,8,5,6,7,8,5,5,8,5,7,8,6,7,7,8,8,8,5,7,8,8,6,5","1802,2078,2855,2205,1737,2666,2370,1936,1612,5338,2472,2674,2357,2519,1436,1903,2422,1996,2459,2258,3288,2484,2806,1939,2497,1654,2928,2141,1802,2038,4171,1919,2119,2738,2737,2937,1416,2083,810,1997,3197,1121,2149,2035,2454,2833,1968,3891,1770,3253,1494,2486,2655,3546,2047,743,837,3096,2756,3081,1246,1636,3856,2276,1253,5598,1350,1071,2652,1764,3010,2858,2720,1271,1336,1919,2707,2448,1454,1737,2313,2752,1701,2370,3353,2540,2337,1936,1405,2058,5557,1293,2388,2087,2328,3201,2525,2537,2611,2103","5,8,7,6,9,6,7,5,9,8,5,8,6,7,9,8,7,9,5,6,9,6,8,5,7,7,8,6,5,9,6,5,7,8,9,9,8,7,5,6,9,5,7,6,8,9,5,8,7,6,5,7,8,9,6,5,6,9,8,7,9,6,8,7,5,8,6,5,7,9,6,7,8,5,9,7,9,8,5,6,7,9,5,6,8,5,7,9,6,8,6,9,7,8,5,7,9,8,6,5"
41,281,5,PRE_TEST,ClarisseCharr,baseline,"7,6,8,12,5,8,8,6,7,5,5,8,7,9,6,9,8,7,6,6,8,6,8,5,7,6,8,8,6,5,6,7,9,8,5,6,6,5,8,9,8,7,10,5,6,7,6,7,6,8,5,7,8,7,6,8,6,9,6,5,7,9,8,6,5,7,8,5,7,6,5,7,9,5,9,7,9,7,5,6,7,7,5,9,8,9,7,5,6,6,8,7,6,5,6,5,7,9,8,6","4594,1820,5189,5180,1305,3555,2895,2352,3219,2674,1859,3091,3155,3081,2580,5025,2490,2587,2047,2638,3594,1854,2942,1506,4505,2498,3309,2452,2015,2111,1425,1521,4079,1617,1391,1661,959,2294,2787,2814,4206,1497,3014,908,1645,1595,3734,1624,1206,2532,4869,4226,3601,3543,2111,2655,2305,3171,1673,1663,1692,3343,4503,1700,2059,1592,4078,1704,3068,1368,1205,1274,1787,1137,2442,1570,2591,1975,1141,2470,3588,1505,1074,3282,2421,3307,3965,3171,1642,3213,5017,2707,1516,1174,1172,1136,1995,2904,4375,3920","7,6,8,9,5,9,8,6,7,5,5,8,7,9,6,9,8,7,5,6,8,6,9,5,7,6,8,9,7,5,6,7,9,8,5,7,6,5,8,9,8,7,9,5,6,7,5,8,6,9,5,9,8,6,7,8,7,9,6,5,7,9,8,6,5,7,9,5,8,6,6,7,9,5,8,7,8,9,5,6,8,7,5,9,6,9,7,5,6,8,8,9,6,5,7,5,7,9,8,6"
42,281,5,POST_TEST,ClarisseCharr,baseline,"7,6,8,8,5,6,9,7,5,8,7,5,6,8,9,7,6,7,5,7,8,6,5,7,7,6,6,8,8,8,6,9,8,5,7,9,6,7,4,7,7,9,5,9,7,7,6,5,9,7,6,7,8,8,5,6,9,7,6,8,7,6,5,7,8,7,8,6,5,6,6,8,9,7,5,6,5,8,7,8,6,5,9,7,8,6,7,7,8,5,6,5,7,7,8,6,9,8,7,5","2578,2304,3793,3253,1438,1110,1729,1443,1176,1493,1479,1361,1559,1487,1905,4771,1286,3541,1928,2471,4258,1545,1207,3365,3726,3522,1557,1804,3855,1631,2940,3371,2640,1622,5103,2309,3061,3584,1255,3611,1666,3639,2436,2877,5222,1647,3678,1649,4564,2314,1720,3661,3545,5868,1633,3446,4509,1572,4403,5378,2674,1454,1249,2670,4141,5688,3076,1846,1915,1184,1226,1462,1653,2987,1138,3687,4038,6471,3342,4558,2643,4156,5086,1459,1977,2063,1811,2039,3859,1399,1614,3302,3476,1480,2239,1576,3750,4328,3857,3637","7,6,9,8,5,6,9,7,5,8,7,5,6,9,8,9,6,8,5,7,9,6,5,8,7,5,6,9,8,7,6,9,8,5,7,9,6,7,5,8,7,8,5,9,6,8,6,5,9,7,6,7,8,9,5,6,8,7,5,9,7,6,5,8,9,9,8,6,5,7,6,8,9,7,5,6,5,8,7,9,6,5,9,7,8,6,8,7,9,5,6,5,7,8,9,6,9,8,7,5"
